os	count	phase	actors	fds_per_actor	regular_descriptions	fd_payload_bytes	process_payload_bytes
takibi	32	baseline	1	3	0	600	872
takibi	32	opened	1	35	32	4216	872
takibi	32	inherited	2	35	32	5872	1744
takibi	32	reaped	1	35	32	4216	872
takibi	32	closed	1	3	0	1656	872
takibi	128	baseline	1	3	0	1656	872
takibi	128	opened	1	131	128	15064	872
takibi	128	inherited	2	131	128	19888	1744
takibi	128	reaped	1	131	128	15064	872
takibi	128	closed	1	3	0	4824	872
linux	32	baseline	1	3	0	704	11520
linux	32	opened	1	35	32	6592	11520
linux	32	inherited	2	35	32	7296	23040
linux	32	reaped	1	35	32	6592	11520
linux	32	closed	1	3	0	704	11520
linux	128	baseline	1	3	0	704	11520
linux	128	opened	1	131	128	26432	11520
linux	128	inherited	2	131	128	29312	23040
linux	128	reaped	1	131	128	26432	11520
linux	128	closed	1	3	0	2880	11520
freebsd	32	baseline	1	3	0	1072	3192
freebsd	32	opened	1	35	32	6728	3192
freebsd	32	inherited	2	35	32	10896	6384
freebsd	32	reaped	1	35	32	6728	3192
freebsd	32	closed	1	3	0	4168	3192
freebsd	128	baseline	1	3	0	4168	3192
freebsd	128	opened	1	131	128	23656	3192
freebsd	128	inherited	2	131	128	33992	6384
freebsd	128	reaped	1	131	128	23656	3192
freebsd	128	closed	1	3	0	13416	3192
