allocator	count	name	phase	object	chunks	capacity	live	bytes	aux_bytes	charged_bytes
takibi	32	process	empty	872	0	0	0	0	104	104
takibi	32	process	full	872	4	36	32	32768	104	32872
takibi	32	process	half	872	4	36	16	32768	104	32872
takibi	32	process	refill	872	4	36	32	32768	104	32872
takibi	32	process	free	872	1	9	0	8192	104	8296
takibi	32	tcp	empty	224	0	0	0	0	16	16
takibi	32	tcp	full	224	2	34	32	8192	16	8208
takibi	32	tcp	half	224	2	34	16	8192	16	8208
takibi	32	tcp	refill	224	2	34	32	8192	16	8208
takibi	32	tcp	free	224	0	0	0	0	16	16
takibi	32	retx	empty	1592	0	0	0	0	16	16
takibi	32	retx	full	1592	7	35	32	57344	16	57360
takibi	32	retx	half	1592	7	35	16	57344	16	57360
takibi	32	retx	refill	1592	7	35	32	57344	16	57360
takibi	32	retx	free	1592	0	0	0	0	16	16
takibi	32	frame	empty	1528	0	0	0	0	16	16
takibi	32	frame	full	1528	7	35	32	57344	16	57360
takibi	32	frame	half	1528	7	35	16	57344	16	57360
takibi	32	frame	refill	1528	7	35	32	57344	16	57360
takibi	32	frame	free	1528	0	0	0	0	16	16
takibi	32	backing	empty	40	0	0	0	0	16	16
takibi	32	backing	full	40	1	84	32	4096	16	4112
takibi	32	backing	half	40	1	84	16	4096	16	4112
takibi	32	backing	refill	40	1	84	32	4096	16	4112
takibi	32	backing	free	40	0	0	0	0	16	16
takibi	32	image	empty	88	0	0	0	0	16	16
takibi	32	image	full	88	1	42	32	4096	16	4112
takibi	32	image	half	88	1	42	16	4096	16	4112
takibi	32	image	refill	88	1	42	32	4096	16	4112
takibi	32	image	free	88	0	0	0	0	16	16
takibi	32	fd_context	empty	72	0	0	0	0	16	16
takibi	32	fd_context	full	72	1	50	32	4096	16	4112
takibi	32	fd_context	half	72	1	50	16	4096	16	4112
takibi	32	fd_context	refill	72	1	50	32	4096	16	4112
takibi	32	fd_context	free	72	0	0	0	0	16	16
takibi	32	fd_block	empty	528	0	0	0	0	16	16
takibi	32	fd_block	full	528	5	35	32	20480	16	20496
takibi	32	fd_block	half	528	5	35	16	20480	16	20496
takibi	32	fd_block	refill	528	5	35	32	20480	16	20496
takibi	32	fd_block	free	528	1	7	0	4096	16	4112
takibi	32	object	empty	80	0	0	0	0	16	16
takibi	32	object	full	80	1	46	32	4096	16	4112
takibi	32	object	half	80	1	46	16	4096	16	4112
takibi	32	object	refill	80	1	46	32	4096	16	4112
takibi	32	object	free	80	1	46	0	4096	16	4112
takibi	128	process	empty	872	0	0	0	0	104	104
takibi	128	process	full	872	15	135	128	122880	104	122984
takibi	128	process	half	872	15	135	64	122880	104	122984
takibi	128	process	refill	872	15	135	128	122880	104	122984
takibi	128	process	free	872	1	9	0	8192	104	8296
takibi	128	tcp	empty	224	0	0	0	0	16	16
takibi	128	tcp	full	224	8	136	128	32768	16	32784
takibi	128	tcp	half	224	8	136	64	32768	16	32784
takibi	128	tcp	refill	224	8	136	128	32768	16	32784
takibi	128	tcp	free	224	0	0	0	0	16	16
takibi	128	retx	empty	1592	0	0	0	0	16	16
takibi	128	retx	full	1592	26	130	128	212992	16	213008
takibi	128	retx	half	1592	26	130	64	212992	16	213008
takibi	128	retx	refill	1592	26	130	128	212992	16	213008
takibi	128	retx	free	1592	0	0	0	0	16	16
takibi	128	frame	empty	1528	0	0	0	0	16	16
takibi	128	frame	full	1528	26	130	128	212992	16	213008
takibi	128	frame	half	1528	26	130	64	212992	16	213008
takibi	128	frame	refill	1528	26	130	128	212992	16	213008
takibi	128	frame	free	1528	0	0	0	0	16	16
takibi	128	backing	empty	40	0	0	0	0	16	16
takibi	128	backing	full	40	2	168	128	8192	16	8208
takibi	128	backing	half	40	2	168	64	8192	16	8208
takibi	128	backing	refill	40	2	168	128	8192	16	8208
takibi	128	backing	free	40	0	0	0	0	16	16
takibi	128	image	empty	88	0	0	0	0	16	16
takibi	128	image	full	88	4	168	128	16384	16	16400
takibi	128	image	half	88	4	168	64	16384	16	16400
takibi	128	image	refill	88	4	168	128	16384	16	16400
takibi	128	image	free	88	0	0	0	0	16	16
takibi	128	fd_context	empty	72	0	0	0	0	16	16
takibi	128	fd_context	full	72	3	150	128	12288	16	12304
takibi	128	fd_context	half	72	3	150	64	12288	16	12304
takibi	128	fd_context	refill	72	3	150	128	12288	16	12304
takibi	128	fd_context	free	72	0	0	0	0	16	16
takibi	128	fd_block	empty	528	0	0	0	0	16	16
takibi	128	fd_block	full	528	19	133	128	77824	16	77840
takibi	128	fd_block	half	528	19	133	64	77824	16	77840
takibi	128	fd_block	refill	528	19	133	128	77824	16	77840
takibi	128	fd_block	free	528	1	7	0	4096	16	4112
takibi	128	object	empty	80	0	0	0	0	16	16
takibi	128	object	full	80	3	138	128	12288	16	12304
takibi	128	object	half	80	3	138	64	12288	16	12304
takibi	128	object	refill	80	3	138	128	12288	16	12304
takibi	128	object	free	80	1	46	0	4096	16	4112
slub	32	process	empty	872	0	0	0	0	480	480
slub	32	process	full	872	2	36	32	32768	480	33248
slub	32	process	half	872	2	36	16	32768	480	33248
slub	32	process	refill	872	2	36	32	32768	480	33248
slub	32	process	free	872	2	36	0	32768	480	33248
slub	32	tcp	empty	224	0	0	0	0	480	480
slub	32	tcp	full	224	2	36	32	8192	480	8672
slub	32	tcp	half	224	2	36	16	8192	480	8672
slub	32	tcp	refill	224	2	36	32	8192	480	8672
slub	32	tcp	free	224	2	36	0	8192	480	8672
slub	32	retx	empty	1592	0	0	0	0	480	480
slub	32	retx	full	1592	2	40	32	65536	480	66016
slub	32	retx	half	1592	2	40	16	65536	480	66016
slub	32	retx	refill	1592	2	40	32	65536	480	66016
slub	32	retx	free	1592	2	40	0	65536	480	66016
slub	32	frame	empty	1528	0	0	0	0	480	480
slub	32	frame	full	1528	2	42	32	65536	480	66016
slub	32	frame	half	1528	2	42	16	65536	480	66016
slub	32	frame	refill	1528	2	42	32	65536	480	66016
slub	32	frame	free	1528	2	42	0	65536	480	66016
slub	32	backing	empty	40	0	0	0	0	896	896
slub	32	backing	full	40	1	102	32	4096	896	4992
slub	32	backing	half	40	1	102	16	4096	896	4992
slub	32	backing	refill	40	1	102	32	4096	896	4992
slub	32	backing	free	40	1	102	0	4096	896	4992
slub	32	image	empty	88	0	0	0	0	576	576
slub	32	image	full	88	1	46	32	4096	576	4672
slub	32	image	half	88	1	46	16	4096	576	4672
slub	32	image	refill	88	1	46	32	4096	576	4672
slub	32	image	free	88	1	46	0	4096	576	4672
slub	32	fd_context	empty	72	0	0	0	0	640	640
slub	32	fd_context	full	72	1	56	32	4096	640	4736
slub	32	fd_context	half	72	1	56	16	4096	640	4736
slub	32	fd_context	refill	72	1	56	32	4096	640	4736
slub	32	fd_context	free	72	1	56	0	4096	640	4736
slub	32	fd_block	empty	528	0	0	0	0	448	448
slub	32	fd_block	full	528	3	45	32	24576	448	25024
slub	32	fd_block	half	528	3	45	16	24576	448	25024
slub	32	fd_block	refill	528	3	45	32	24576	448	25024
slub	32	fd_block	free	528	3	45	0	24576	448	25024
slub	32	object	empty	80	0	0	0	0	640	640
slub	32	object	full	80	1	51	32	4096	640	4736
slub	32	object	half	80	1	51	16	4096	640	4736
slub	32	object	refill	80	1	51	32	4096	640	4736
slub	32	object	free	80	1	51	0	4096	640	4736
slub	128	process	empty	872	0	0	0	0	480	480
slub	128	process	full	872	8	144	128	131072	480	131552
slub	128	process	half	872	8	144	64	131072	480	131552
slub	128	process	refill	872	8	144	128	131072	480	131552
slub	128	process	free	872	8	144	0	131072	480	131552
slub	128	tcp	empty	224	0	0	0	0	480	480
slub	128	tcp	full	224	8	144	128	32768	480	33248
slub	128	tcp	half	224	8	144	64	32768	480	33248
slub	128	tcp	refill	224	8	144	128	32768	480	33248
slub	128	tcp	free	224	8	144	0	32768	480	33248
slub	128	retx	empty	1592	0	0	0	0	480	480
slub	128	retx	full	1592	7	140	128	229376	480	229856
slub	128	retx	half	1592	7	140	64	229376	480	229856
slub	128	retx	refill	1592	7	140	128	229376	480	229856
slub	128	retx	free	1592	7	140	0	229376	480	229856
slub	128	frame	empty	1528	0	0	0	0	480	480
slub	128	frame	full	1528	7	147	128	229376	480	229856
slub	128	frame	half	1528	7	147	64	229376	480	229856
slub	128	frame	refill	1528	7	147	128	229376	480	229856
slub	128	frame	free	1528	7	147	0	229376	480	229856
slub	128	backing	empty	40	0	0	0	0	896	896
slub	128	backing	full	40	2	204	128	8192	896	9088
slub	128	backing	half	40	2	204	64	8192	896	9088
slub	128	backing	refill	40	2	204	128	8192	896	9088
slub	128	backing	free	40	2	204	0	8192	896	9088
slub	128	image	empty	88	0	0	0	0	576	576
slub	128	image	full	88	3	138	128	12288	576	12864
slub	128	image	half	88	3	138	64	12288	576	12864
slub	128	image	refill	88	3	138	128	12288	576	12864
slub	128	image	free	88	3	138	0	12288	576	12864
slub	128	fd_context	empty	72	0	0	0	0	640	640
slub	128	fd_context	full	72	3	168	128	12288	640	12928
slub	128	fd_context	half	72	3	168	64	12288	640	12928
slub	128	fd_context	refill	72	3	168	128	12288	640	12928
slub	128	fd_context	free	72	3	168	0	12288	640	12928
slub	128	fd_block	empty	528	0	0	0	0	448	448
slub	128	fd_block	full	528	9	135	128	73728	448	74176
slub	128	fd_block	half	528	9	135	64	73728	448	74176
slub	128	fd_block	refill	528	9	135	128	73728	448	74176
slub	128	fd_block	free	528	6	90	0	49152	448	49600
slub	128	object	empty	80	0	0	0	0	640	640
slub	128	object	full	80	3	153	128	12288	640	12928
slub	128	object	half	80	3	153	64	12288	640	12928
slub	128	object	refill	80	3	153	128	12288	640	12928
slub	128	object	free	80	3	153	0	12288	640	12928
uma	32	process	empty	872	0	0	0	0	1216	1216
uma	32	process	full	872	4	36	32	32768	1360	34128
uma	32	process	half	872	4	36	16	32768	1360	34128
uma	32	process	refill	872	4	36	32	32768	1360	34128
uma	32	process	free	872	4	36	0	32768	1504	34272
uma	32	tcp	empty	224	0	0	0	0	1216	1216
uma	32	tcp	full	224	4	72	32	16384	1728	18112
uma	32	tcp	half	224	4	72	16	16384	1728	18112
uma	32	tcp	refill	224	4	72	32	16384	1728	18112
uma	32	tcp	free	224	4	72	0	16384	1728	18112
uma	32	retx	empty	1592	0	0	0	0	1216	1216
uma	32	retx	full	1592	7	35	32	57344	1296	58640
uma	32	retx	half	1592	7	35	16	57344	1376	58720
uma	32	retx	refill	1592	7	35	32	57344	1376	58720
uma	32	retx	free	1592	7	35	0	57344	1536	58880
uma	32	frame	empty	1528	0	0	0	0	1216	1216
uma	32	frame	full	1528	7	35	32	57344	1296	58640
uma	32	frame	half	1528	7	35	16	57344	1376	58720
uma	32	frame	refill	1528	7	35	32	57344	1376	58720
uma	32	frame	free	1528	7	35	0	57344	1536	58880
uma	32	backing	empty	40	0	0	0	0	1216	1216
uma	32	backing	full	40	3	303	32	12288	3264	15552
uma	32	backing	half	40	3	303	16	12288	3264	15552
uma	32	backing	refill	40	3	303	32	12288	3264	15552
uma	32	backing	free	40	3	303	0	12288	3264	15552
uma	32	image	empty	88	0	0	0	0	1216	1216
uma	32	image	full	88	3	138	32	12288	2240	14528
uma	32	image	half	88	3	138	16	12288	2240	14528
uma	32	image	refill	88	3	138	32	12288	2240	14528
uma	32	image	free	88	3	138	0	12288	2240	14528
uma	32	fd_context	empty	72	0	0	0	0	1216	1216
uma	32	fd_context	full	72	3	168	32	12288	2240	14528
uma	32	fd_context	half	72	3	168	16	12288	2240	14528
uma	32	fd_context	refill	72	3	168	32	12288	2240	14528
uma	32	fd_context	free	72	3	168	0	12288	2240	14528
uma	32	fd_block	empty	528	0	0	0	0	1216	1216
uma	32	fd_block	full	528	5	35	32	20480	1360	21840
uma	32	fd_block	half	528	5	35	16	20480	1360	21840
uma	32	fd_block	refill	528	5	35	32	20480	1360	21840
uma	32	fd_block	free	528	5	35	0	20480	1504	21984
uma	32	object	empty	80	0	0	0	0	1216	1216
uma	32	object	full	80	3	150	32	12288	2240	14528
uma	32	object	half	80	3	150	16	12288	2240	14528
uma	32	object	refill	80	3	150	32	12288	2240	14528
uma	32	object	free	80	3	150	0	12288	2240	14528
uma	128	process	empty	872	0	0	0	0	1216	1216
uma	128	process	full	872	15	135	128	122880	1360	124240
uma	128	process	half	872	15	135	64	122880	1792	124672
uma	128	process	refill	872	15	135	128	122880	1504	124384
uma	128	process	free	872	15	135	0	122880	2368	125248
uma	128	tcp	empty	224	0	0	0	0	1216	1216
uma	128	tcp	full	224	11	198	128	45056	1728	46784
uma	128	tcp	half	224	11	198	64	45056	2240	47296
uma	128	tcp	refill	224	11	198	128	45056	2240	47296
uma	128	tcp	free	224	11	198	0	45056	2752	47808
uma	128	retx	empty	1592	0	0	0	0	1216	1216
uma	128	retx	full	1592	26	130	128	212992	1296	214288
uma	128	retx	half	1592	26	130	64	212992	1856	214848
uma	128	retx	refill	1592	26	130	128	212992	1376	214368
uma	128	retx	free	1592	26	130	0	212992	2496	215488
uma	128	frame	empty	1528	0	0	0	0	1216	1216
uma	128	frame	full	1528	26	130	128	212992	1296	214288
uma	128	frame	half	1528	26	130	64	212992	1856	214848
uma	128	frame	refill	1528	26	130	128	212992	1376	214368
uma	128	frame	free	1528	26	130	0	212992	2496	215488
uma	128	backing	empty	40	0	0	0	0	1216	1216
uma	128	backing	full	40	3	303	128	12288	3264	15552
uma	128	backing	half	40	3	303	64	12288	3264	15552
uma	128	backing	refill	40	3	303	128	12288	3264	15552
uma	128	backing	free	40	3	303	0	12288	3264	15552
uma	128	image	empty	88	0	0	0	0	1216	1216
uma	128	image	full	88	6	276	128	24576	2240	26816
uma	128	image	half	88	6	276	64	24576	3264	27840
uma	128	image	refill	88	6	276	128	24576	3264	27840
uma	128	image	free	88	6	276	0	24576	3264	27840
uma	128	fd_context	empty	72	0	0	0	0	1216	1216
uma	128	fd_context	full	72	5	280	128	20480	2240	22720
uma	128	fd_context	half	72	5	280	64	20480	3264	23744
uma	128	fd_context	refill	72	5	280	128	20480	3264	23744
uma	128	fd_context	free	72	5	280	0	20480	3264	23744
uma	128	fd_block	empty	528	0	0	0	0	1216	1216
uma	128	fd_block	full	528	19	133	128	77824	1360	79184
uma	128	fd_block	half	528	19	133	64	77824	1792	79616
uma	128	fd_block	refill	528	19	133	128	77824	1504	79328
uma	128	fd_block	free	528	19	133	0	77824	2368	80192
uma	128	object	empty	80	0	0	0	0	1216	1216
uma	128	object	full	80	6	300	128	24576	2240	26816
uma	128	object	half	80	6	300	64	24576	3264	27840
uma	128	object	refill	80	6	300	128	24576	3264	27840
uma	128	object	free	80	6	300	0	24576	3264	27840
