platform	phase	name	object	pool	slot	chunk	chunks	capacity	nonfree	bytes	occupied_storage	free_storage	slot_metadata	header_reserved	alignment	tail	total
qemu	boot	backing	40	16	40	4096	0	0	0	0	0	0	0	0	0	0	16
qemu	boot	fd_block	528	16	528	4096	1	7	1	4096	528	3168	56	24	0	320	4112
qemu	boot	fd_context	72	16	72	4096	1	50	1	4096	72	3528	400	24	8	64	4112
qemu	boot	frame	1528	16	1528	8192	0	0	0	0	0	0	0	0	0	0	16
qemu	boot	image	88	16	88	4096	1	42	1	4096	88	3608	336	24	8	32	4112
qemu	boot	object	80	16	80	4096	1	46	1	4096	80	3600	368	24	8	16	4112
qemu	boot	process	872	104	880	8192	1	9	0	8192	0	7848	72	128	0	144	8296
qemu	boot	retx	1592	16	1592	8192	0	0	0	0	0	0	0	0	0	0	16
qemu	boot	tcp	224	16	224	4096	0	0	0	0	0	0	0	0	0	0	16
qemu	bounded_end	backing	40	16	40	4096	0	0	0	0	0	0	0	0	0	0	16
qemu	bounded_end	fd_block	528	16	528	4096	1	7	1	4096	528	3168	56	24	0	320	4112
qemu	bounded_end	fd_context	72	16	72	4096	1	50	1	4096	72	3528	400	24	8	64	4112
qemu	bounded_end	frame	1528	16	1528	8192	0	0	0	0	0	0	0	0	0	0	16
qemu	bounded_end	image	88	16	88	4096	1	42	1	4096	88	3608	336	24	8	32	4112
qemu	bounded_end	object	80	16	80	4096	1	46	1	4096	80	3600	368	24	8	16	4112
qemu	bounded_end	process	872	104	880	8192	1	9	0	8192	0	7848	72	128	0	144	8296
qemu	bounded_end	retx	1592	16	1592	8192	0	0	0	0	0	0	0	0	0	0	16
qemu	bounded_end	tcp	224	16	224	4096	0	0	0	0	0	0	0	0	0	0	16
rpi5	boot	backing	40	16	40	4096	0	0	0	0	0	0	0	0	0	0	16
rpi5	boot	fd_block	528	16	528	4096	1	7	1	4096	528	3168	56	24	0	320	4112
rpi5	boot	fd_context	72	16	72	4096	1	50	1	4096	72	3528	400	24	8	64	4112
rpi5	boot	frame	1528	16	1528	8192	0	0	0	0	0	0	0	0	0	0	16
rpi5	boot	image	88	16	88	4096	1	42	1	4096	88	3608	336	24	8	32	4112
rpi5	boot	object	80	16	80	4096	1	46	1	4096	80	3600	368	24	8	16	4112
rpi5	boot	process	872	104	880	8192	1	9	0	8192	0	7848	72	128	0	144	8296
rpi5	boot	retx	1592	16	1592	8192	0	0	0	0	0	0	0	0	0	0	16
rpi5	boot	tcp	224	16	224	4096	0	0	0	0	0	0	0	0	0	0	16
rpi5	bounded_end	backing	40	16	40	4096	0	0	0	0	0	0	0	0	0	0	16
rpi5	bounded_end	fd_block	528	16	528	4096	1	7	1	4096	528	3168	56	24	0	320	4112
rpi5	bounded_end	fd_context	72	16	72	4096	1	50	1	4096	72	3528	400	24	8	64	4112
rpi5	bounded_end	frame	1528	16	1528	8192	0	0	0	0	0	0	0	0	0	0	16
rpi5	bounded_end	image	88	16	88	4096	1	42	1	4096	88	3608	336	24	8	32	4112
rpi5	bounded_end	object	80	16	80	4096	1	46	1	4096	80	3600	368	24	8	16	4112
rpi5	bounded_end	process	872	104	880	8192	1	9	0	8192	0	7848	72	128	0	144	8296
rpi5	bounded_end	retx	1592	16	1592	8192	0	0	0	0	0	0	0	0	0	0	16
rpi5	bounded_end	tcp	224	16	224	4096	0	0	0	0	0	0	0	0	0	0	16
