phase	name	object	pool	slot	chunk	chunks	capacity	nonfree	bytes	occupied_storage	free_storage	slot_metadata	header_reserved	alignment	tail	total
boot	backing	40	24	40	4096	0	0	0	0	0	0	0	0	0	0	24
boot	fd_block	400	24	400	4096	1	9	1	4096	400	3200	72	24	0	400	4120
boot	fd_context	72	24	72	4096	1	50	1	4096	72	3528	400	24	8	64	4120
boot	frame	1528	24	1528	8192	0	0	0	0	0	0	0	0	0	0	24
boot	image	88	24	88	4096	1	42	1	4096	88	3608	336	24	8	32	4120
boot	object	80	24	80	4096	1	46	1	4096	80	3600	368	24	8	16	4120
boot	process	1832	104	1840	16384	1	8	0	16384	0	14656	64	128	0	1536	16488
boot	retx	1592	24	1592	8192	0	0	0	0	0	0	0	0	0	0	24
boot	tcp	224	24	224	4096	0	0	0	0	0	0	0	0	0	0	24
bounded_end	backing	40	24	40	4096	0	0	0	0	0	0	0	0	0	0	24
bounded_end	fd_block	400	24	400	4096	1	9	1	4096	400	3200	72	24	0	400	4120
bounded_end	fd_context	72	24	72	4096	1	50	1	4096	72	3528	400	24	8	64	4120
bounded_end	frame	1528	24	1528	8192	0	0	0	0	0	0	0	0	0	0	24
bounded_end	image	88	24	88	4096	1	42	1	4096	88	3608	336	24	8	32	4120
bounded_end	object	80	24	80	4096	1	46	1	4096	80	3600	368	24	8	16	4120
bounded_end	process	1832	104	1840	16384	1	8	0	16384	0	14656	64	128	0	1536	16488
bounded_end	retx	1592	24	1592	8192	0	0	0	0	0	0	0	0	0	0	24
bounded_end	tcp	224	24	224	4096	0	0	0	0	0	0	0	0	0	0	24
