retain	boots	count	batches	median_batch_ns	p25_batch_ns	p75_batch_ns
1	3	1	21	42410778	42357797	42505056
1	3	32	21	656311833	654978740	656571889
1	3	128	21	2666475630	2661467889	2668630204
0	3	1	21	42395333	42367148	42468834
0	3	32	21	656423926	655283833	656797092
0	3	128	21	2806694519	2799482759	2807368870

retain	pool	boots	grows_per_boot	shrinks_per_boot	final_bytes	median_grow_ticks	median_shrink_ticks
1	fd_block	3	2	1	8192	416493	28
1	object	3	113	112	8192	24051574	3744
0	fd_block	3	114	114	4096	24906336	3727
0	object	3	225	225	4096	49806761	1682
